{
  "market_stats": {
    "mean": 3.3295294770466493,
    "std": 1.076281705560429,
    "min": 0.9626266055858786,
    "max": 5.708078343819806,
    "p25": 2.4853010703913343,
    "p50": 3.0585629913544365,
    "p75": 4.213749639057567,
    "p90": 4.999360202944059,
    "p95": 5.233697872131568
  },
  "regime": "MODERATE",
  "results": [
    {
      "strategy": "Conservative",
      "entry": 5.233697872131568,
      "exit": 4.213749639057567,
      "trades": 1,
      "return": -0.13520253243055194,
      "sharpe": NaN,
      "max_dd": -0.13520253243055194,
      "win_rate": 0.0
    },
    {
      "strategy": "Moderate",
      "entry": 4.999360202944059,
      "exit": 3.0585629913544365,
      "trades": 2,
      "return": -0.2163644420468807,
      "sharpe": 0.48516010979917085,
      "max_dd": -0.1464511685716202,
      "win_rate": 0.0
    },
    {
      "strategy": "Aggressive",
      "entry": 4.213749639057567,
      "exit": 2.4853010703913343,
      "trades": 2,
      "return": -0.20877498438144101,
      "sharpe": 0.4839406076089589,
      "max_dd": -0.18129645053875124,
      "win_rate": 0.0
    }
  ]
}